how tall is the highest point in m0	answer ( elevation_1 ( highest ( intersection ( place , loc_2 ( m0 ) ) ) ) )
what is the largest city in m0	answer ( largest ( intersection ( city , loc_2 ( m0 ) ) ) )
what states border states that the m0 runs through	answer ( intersection ( state , next_to_2 ( intersection ( state , traverse_1 ( m0 ) ) ) ) )
what is the maximum elevation of m0	answer ( highest ( intersection ( place , loc_2 ( m0 ) ) ) )
what is the population of m0	answer ( population_1 ( m0 ) )
what state bordering m0 has the largest population	answer ( largest_one ( population_1 , intersection ( state , next_to_2 ( m0 ) ) ) )
what are the populations of states through which the m0 river runs	answer ( population_1 ( intersection ( state , traverse_1 ( intersection ( river , m0 ) ) ) ) )
what are the populations of the states through which the m0 river runs	answer ( population_1 ( intersection ( state , traverse_1 ( intersection ( river , m0 ) ) ) ) )
what is the highest mountain in m0	answer ( highest ( intersection ( mountain , loc_2 ( m0 ) ) ) )
what are the populations of all the major cities in m0	answer ( population_1 ( intersection ( major , intersection ( city , loc_2 ( m0 ) ) ) ) )
what state has the largest population density	answer ( largest_one ( density_1 , state ) )
what are the major cities in m0	answer ( intersection ( major , intersection ( city , loc_2 ( m0 ) ) ) )
how many states does the m0 river run through	answer ( count ( intersection ( state , traverse_1 ( intersection ( river , m0 ) ) ) ) )
how many big cities are in m0	answer ( count ( intersection ( major , intersection ( city , loc_2 ( m0 ) ) ) ) )
what is the capital of the state m0	answer ( intersection ( capital , loc_2 ( intersection ( state , m0 ) ) ) )
what is the largest city in m0	answer ( largest ( intersection ( city , loc_2 ( m0 ) ) ) )
how many cities does the m0 have	answer ( count ( intersection ( city , loc_2 ( m0 ) ) ) )
which states does the m0 river run through	answer ( intersection ( state , traverse_1 ( intersection ( river , m0 ) ) ) )
how high are the highest points of all the states	answer ( elevation_1 ( highest ( intersection ( place , loc_2 ( state ) ) ) ) )
where is the highest mountain of the m0	answer ( highest ( intersection ( mountain , loc_2 ( m0 ) ) ) )
what states border m0	answer ( intersection ( state , next_to_2 ( m0 ) ) )
where is m0	answer ( loc_1 ( m0 ) )
which states border m0	answer ( intersection ( state , next_to_2 ( m0 ) ) )
which states border states through which the m0 traverses	answer ( intersection ( state , next_to_2 ( intersection ( state , traverse_1 ( m0 ) ) ) ) )
how many states border m0	answer ( count ( intersection ( state , next_to_2 ( m0 ) ) ) )
what states border m0	answer ( intersection ( state , next_to_2 ( m0 ) ) )
what is the population of the state with the largest area	answer ( population_1 ( largest_one ( area_1 , state ) ) )
can you tell me the capital of m0	answer ( intersection ( capital , loc_2 ( m0 ) ) )
what is the largest city in m0	answer ( largest ( intersection ( city , loc_2 ( m0 ) ) ) )
give me the number of rivers in m0	answer ( count ( intersection ( river , loc_2 ( m0 ) ) ) )
what is the area of m0 in square kilometers	answer ( area_1 ( m0 ) )
what is the area of m0	answer ( area_1 ( m0 ) )
how high is m0	answer ( elevation_1 ( m0 ) )
what is the largest state that borders m0	answer ( largest ( intersection ( state , next_to_2 ( m0 ) ) ) )
how many cities are there in m0	answer ( count ( intersection ( city , loc_2 ( m0 ) ) ) )
what is the most populous city	answer ( largest_one ( population_1 , city ) )
name the rivers in m0	answer ( intersection ( river , loc_2 ( m0 ) ) )
what is the state with the largest area	answer ( largest_one ( area_1 , state ) )
how many major cities are in states bordering m0	answer ( count ( intersection ( major , intersection ( city , loc_2 ( intersection ( state , next_to_2 ( m0 ) ) ) ) ) ) )
name the 50 capitals in the m0	answer ( intersection ( capital , loc_2 ( m0 ) ) )
how many people live in the capital of m0	answer ( population_1 ( intersection ( capital , loc_2 ( m0 ) ) ) )
what are the rivers in the state of m0	answer ( intersection ( river , loc_2 ( intersection ( state , m0 ) ) ) )
how many states are in the m0	answer ( count ( intersection ( state , loc_2 ( m0 ) ) ) )
how many states does m0 have	answer ( count ( intersection ( state , loc_2 ( m0 ) ) ) )
what is the capital of m0	answer ( intersection ( capital , loc_2 ( m0 ) ) )
what is the population of m0	answer ( population_1 ( m0 ) )
how many rivers are there in m0	answer ( count ( intersection ( river , loc_2 ( m0 ) ) ) )
what is the length of the longest river in the m0	answer ( len ( longest ( intersection ( river , loc_2 ( m0 ) ) ) ) )
people in m0	answer ( population_1 ( m0 ) )
what are the major rivers in the m0	answer ( intersection ( major , intersection ( river , loc_2 ( m0 ) ) ) )
what is the highest elevation in m0	answer ( highest ( intersection ( place , loc_2 ( m0 ) ) ) )
what is the most populated capital in the m0	answer ( largest_one ( population_1 , intersection ( capital , loc_2 ( m0 ) ) ) )
what is the biggest city in m0	answer ( largest ( intersection ( city , loc_2 ( m0 ) ) ) )
what is the number of neighboring states for m0	answer ( count ( intersection ( state , next_to_2 ( m0 ) ) ) )
how many people live in m0	answer ( population_1 ( m0 ) )
what is the highest point in states bordering m0	answer ( highest ( intersection ( place , loc_2 ( intersection ( state , next_to_2 ( m0 ) ) ) ) ) )
what is the area of m0	answer ( area_1 ( m0 ) )
what states are next to m0	answer ( intersection ( state , next_to_2 ( m0 ) ) )
population of m0	answer ( population_1 ( m0 ) )
which of the states bordering m0 has the largest population	answer ( largest_one ( population_1 , intersection ( state , next_to_2 ( m0 ) ) ) )
what rivers are in m0	answer ( intersection ( river , loc_2 ( m0 ) ) )
what is the most populous city in m0	answer ( largest_one ( population_1 , intersection ( city , loc_2 ( m0 ) ) ) )
what is the largest state bordering m0	answer ( largest ( intersection ( state , next_to_2 ( m0 ) ) ) )
where is m0	answer ( loc_1 ( m0 ) )
what is the longest river in the m0	answer ( longest ( intersection ( river , loc_2 ( m0 ) ) ) )
what is the highest elevation in m0	answer ( highest ( intersection ( place , loc_2 ( m0 ) ) ) )
what is the capital of m0	answer ( intersection ( capital , loc_2 ( m0 ) ) )
how many cities are there in m0	answer ( count ( intersection ( city , loc_2 ( m0 ) ) ) )
what cities in m0	answer ( intersection ( city , loc_2 ( m0 ) ) )
what state has the largest population	answer ( largest_one ( population_1 , state ) )
what is the population density of m0	answer ( density_1 ( m0 ) )
what capital is the largest in the m0	answer ( largest ( intersection ( capital , loc_2 ( m0 ) ) ) )
what is the highest point in m0	answer ( highest ( intersection ( place , loc_2 ( m0 ) ) ) )
which states does the m0 river run through	answer ( intersection ( state , traverse_1 ( intersection ( river , m0 ) ) ) )
through which states does the m0 flow	answer ( intersection ( state , traverse_1 ( m0 ) ) )
what is the population density of m0	answer ( density_1 ( m0 ) )
how many inhabitants does m0 have	answer ( population_1 ( m0 ) )
where is m0 located	answer ( loc_1 ( m0 ) )
what is the longest river in the largest state	answer ( longest ( intersection ( river , loc_2 ( largest ( state ) ) ) ) )
what are the neighboring states for m0	answer ( intersection ( state , next_to_2 ( m0 ) ) )
what states border m0	answer ( intersection ( state , next_to_2 ( m0 ) ) )
how many people in m0	answer ( population_1 ( m0 ) )
what is the highest point in m0	answer ( highest ( intersection ( place , loc_2 ( m0 ) ) ) )
how many major cities are in m0	answer ( count ( intersection ( major , intersection ( city , loc_2 ( m0 ) ) ) ) )
what states border states that border the state with the largest population	answer ( intersection ( state , next_to_2 ( intersection ( state , next_to_2 ( largest_one ( population_1 , state ) ) ) ) ) )
which states border m0	answer ( intersection ( state , next_to_2 ( m0 ) ) )
which state borders m0	answer ( intersection ( state , next_to_2 ( m0 ) ) )
what is the capital of m0	answer ( intersection ( capital , loc_2 ( m0 ) ) )
what is the elevation of m0	answer ( elevation_1 ( m0 ) )
what is the largest city in m0	answer ( largest ( intersection ( city , loc_2 ( m0 ) ) ) )
what is the largest city in m0 by population	answer ( largest_one ( population_1 , intersection ( city , loc_2 ( m0 ) ) ) )
what are the populations of the major cities of m0	answer ( population_1 ( intersection ( major , intersection ( city , loc_2 ( m0 ) ) ) ) )
what is the population of m0	answer ( population_1 ( m0 ) )
what is the shortest river in m0	answer ( shortest ( intersection ( river , loc_2 ( m0 ) ) ) )
what are the major cities in m0	answer ( intersection ( major , intersection ( city , loc_2 ( m0 ) ) ) )
how many people live in the state with the largest population density	answer ( population_1 ( largest_one ( density_1 , state ) ) )
how many people stay in m0	answer ( population_1 ( m0 ) )
how many people live in the biggest city in m0 state	answer ( population_1 ( largest ( intersection ( city , loc_2 ( intersection ( state , m0 ) ) ) ) ) )
how many people live in m0	answer ( population_1 ( m0 ) )
what is the population of m0	answer ( population_1 ( m0 ) )
what is the lowest point in m0	answer ( lowest ( intersection ( place , loc_2 ( m0 ) ) ) )
name the major rivers in m0	answer ( intersection ( major , intersection ( river , loc_2 ( m0 ) ) ) )
what are the major cities in m0	answer ( intersection ( major , intersection ( city , loc_2 ( m0 ) ) ) )
which states border the m0 river	answer ( intersection ( state , next_to_2 ( intersection ( river , m0 ) ) ) )
what is the total population of the states that border m0	answer ( sum ( population_1 ( intersection ( state , next_to_2 ( m0 ) ) ) ) )
what is the highest mountain in the m0	answer ( highest ( intersection ( mountain , loc_2 ( m0 ) ) ) )
what rivers are in m0	answer ( intersection ( river , loc_2 ( m0 ) ) )
how many capitals does m0 have	answer ( count ( intersection ( capital , loc_2 ( m0 ) ) ) )
what is the largest city of m0	answer ( largest ( intersection ( city , loc_2 ( m0 ) ) ) )
what is the biggest city in m0	answer ( largest ( intersection ( city , loc_2 ( m0 ) ) ) )
what states border states that the m0 runs through	answer ( intersection ( state , next_to_2 ( intersection ( state , traverse_1 ( m0 ) ) ) ) )
what is the lowest point in the m0	answer ( lowest ( intersection ( place , loc_2 ( m0 ) ) ) )
what is the capital of m0	answer ( intersection ( capital , loc_2 ( m0 ) ) )
how many people live in m0	answer ( population_1 ( m0 ) )
what are the populations of the states through which the m0 runs	answer ( population_1 ( intersection ( state , traverse_1 ( m0 ) ) ) )
what state has the largest urban population	answer ( largest_one ( population_1 , state ) )
what states border states that border m0	answer ( intersection ( state , next_to_2 ( intersection ( state , next_to_2 ( m0 ) ) ) ) )
which states capital city is the largest	answer ( intersection ( state , loc_1 ( largest ( intersection ( city , capital_1 ( state ) ) ) ) ) )
what is the population of m0	answer ( population_1 ( m0 ) )
what is the smallest city in the m0	answer ( smallest ( intersection ( city , loc_2 ( m0 ) ) ) )
which state has the greatest density	answer ( largest_one ( density_1 , state ) )
which states border m0	answer ( intersection ( state , next_to_2 ( m0 ) ) )
what is the population of m0	answer ( population_1 ( m0 ) )
how many people live in m0	answer ( population_1 ( m0 ) )
what is the capital of m0	answer ( intersection ( capital , loc_2 ( m0 ) ) )
how many rivers are in m0	answer ( count ( intersection ( river , loc_2 ( m0 ) ) ) )
what are the major cities in m0	answer ( intersection ( major , intersection ( city , loc_2 ( m0 ) ) ) )
give me the cities in m0	answer ( intersection ( city , loc_2 ( m0 ) ) )
how many people live in m0	answer ( population_1 ( m0 ) )
what is the capital of m0	answer ( intersection ( capital , loc_2 ( m0 ) ) )
what cities in m0 have the highest populations	answer ( largest_one ( population_1 , intersection ( city , loc_2 ( m0 ) ) ) )
what is the population of m0	answer ( population_1 ( m0 ) )
what are the major cities in the m0	answer ( intersection ( major , intersection ( city , loc_2 ( m0 ) ) ) )
what are the largest cities in the states that border the largest state	answer ( largest ( intersection ( city , loc_2 ( intersection ( state , next_to_2 ( largest ( state ) ) ) ) ) ) )
where is the highest point in m0	answer ( highest ( intersection ( place , loc_2 ( m0 ) ) ) )
what cities are located in m0	answer ( intersection ( city , loc_2 ( m0 ) ) )
what states border m0	answer ( intersection ( state , next_to_2 ( m0 ) ) )
what is the capital city of the largest state in the m0	answer ( intersection ( capital , intersection ( city , loc_2 ( largest ( intersection ( state , loc_2 ( m0 ) ) ) ) ) ) )
how many people are there in m0	answer ( population_1 ( m0 ) )
what are the major cities in m0	answer ( intersection ( major , intersection ( city , loc_2 ( m0 ) ) ) )
what is the capital of m0	answer ( intersection ( capital , loc_2 ( m0 ) ) )
what is the lowest point in m0	answer ( lowest ( intersection ( place , loc_2 ( m0 ) ) ) )
how many states border the largest state	answer ( count ( intersection ( state , next_to_2 ( largest ( state ) ) ) ) )
where is m0	answer ( loc_1 ( m0 ) )
count the states which have elevations lower than what m0 has	answer ( count ( intersection ( state , low_point_2 ( lower_2 ( low_point_1 ( m0 ) ) ) ) ) )
what are the cities in m0	answer ( intersection ( city , loc_2 ( m0 ) ) )
how high is the highest point in m0	answer ( elevation_1 ( highest ( intersection ( place , loc_2 ( m0 ) ) ) ) )
what rivers are in m0	answer ( intersection ( river , loc_2 ( m0 ) ) )
which states lie on the largest river in the m0	answer ( intersection ( state , traverse_1 ( longest ( intersection ( river , loc_2 ( m0 ) ) ) ) ) )
how many states border the m0 river	answer ( count ( intersection ( state , next_to_2 ( intersection ( river , m0 ) ) ) ) )
how many cities are there in the m0	answer ( count ( intersection ( city , loc_2 ( m0 ) ) ) )
what is the area of m0	answer ( area_1 ( m0 ) )
what is the smallest state that borders m0	answer ( smallest ( intersection ( state , next_to_2 ( m0 ) ) ) )
how many people lived in m0	answer ( population_1 ( m0 ) )
where is m0	answer ( loc_1 ( m0 ) )
what is the average population per square km in the m0	answer ( density_1 ( m0 ) )
what are the cities in states through which the m0 runs	answer ( intersection ( city , loc_2 ( intersection ( state , traverse_1 ( m0 ) ) ) ) )
what state has the highest population	answer ( largest_one ( population_1 , state ) )
what is the density of m0	answer ( density_1 ( m0 ) )
how many rivers are in m0	answer ( count ( intersection ( river , loc_2 ( m0 ) ) ) )
how many major cities are in states bordering m0	answer ( count ( intersection ( major , intersection ( city , loc_2 ( intersection ( state , next_to_2 ( m0 ) ) ) ) ) ) )
what is the highest point in the m0	answer ( highest ( intersection ( place , loc_2 ( m0 ) ) ) )
what is the largest state that borders m0	answer ( largest ( intersection ( state , next_to_2 ( m0 ) ) ) )
where is m0	answer ( loc_1 ( m0 ) )
how many cities are in m0	answer ( count ( intersection ( city , loc_2 ( m0 ) ) ) )
how many citizens in m0	answer ( population_1 ( m0 ) )
what is the lowest point of m0	answer ( lowest ( intersection ( place , loc_2 ( m0 ) ) ) )
what is the capital of m0	answer ( intersection ( capital , loc_2 ( m0 ) ) )
give me all the states of m0	answer ( intersection ( state , loc_2 ( m0 ) ) )
what is the density of the m0	answer ( density_1 ( m0 ) )
what is the lowest point in m0	answer ( lowest ( intersection ( place , loc_2 ( m0 ) ) ) )
what is the biggest river in m0	answer ( longest ( intersection ( river , loc_2 ( m0 ) ) ) )
how many states are there in the m0	answer ( count ( intersection ( state , loc_2 ( m0 ) ) ) )
what is the capital of m0	answer ( intersection ( capital , loc_2 ( m0 ) ) )
what states border m0	answer ( intersection ( state , next_to_2 ( m0 ) ) )
what states border m0	answer ( intersection ( state , next_to_2 ( m0 ) ) )
show major cities in m0	answer ( intersection ( major , intersection ( city , loc_2 ( m0 ) ) ) )
which states do m0 river flow through	answer ( intersection ( state , traverse_1 ( intersection ( river , m0 ) ) ) )
how many rivers in m0	answer ( count ( intersection ( river , loc_2 ( m0 ) ) ) )
what is the shortest river in m0	answer ( shortest ( intersection ( river , loc_2 ( m0 ) ) ) )
what are the highest points of all the states	answer ( highest ( intersection ( place , loc_2 ( state ) ) ) )
what is the highest elevation in m0	answer ( highest ( intersection ( place , loc_2 ( m0 ) ) ) )
how many citizens in m0	answer ( population_1 ( m0 ) )
how many people reside in m0	answer ( population_1 ( m0 ) )
what are the populations of states which border m0	answer ( population_1 ( intersection ( state , next_to_2 ( m0 ) ) ) )
what is the capital of m0	answer ( intersection ( capital , loc_2 ( m0 ) ) )
how much population does m0 have	answer ( population_1 ( m0 ) )
which states border m0	answer ( intersection ( state , next_to_2 ( m0 ) ) )
what states border states that border states that border states that border m0	answer ( intersection ( state , next_to_2 ( intersection ( state , next_to_2 ( intersection ( state , next_to_2 ( intersection ( state , next_to_2 ( m0 ) ) ) ) ) ) ) ) )
what is the highest point in m0	answer ( highest ( intersection ( place , loc_2 ( m0 ) ) ) )
tell me what cities are in m0	answer ( intersection ( city , loc_2 ( m0 ) ) )
which state has the most population	answer ( largest_one ( population_1 , state ) )
how long is the m0 river	answer ( len ( intersection ( river , m0 ) ) )
what is the smallest city in the largest state	answer ( smallest ( intersection ( city , loc_2 ( largest ( state ) ) ) ) )
what is the largest city in m0	answer ( largest ( intersection ( city , loc_2 ( m0 ) ) ) )
how many square kilometers in the m0	answer ( area_1 ( m0 ) )
what cities in m0 have the highest number of citizens	answer ( largest_one ( population_1 , intersection ( city , loc_2 ( m0 ) ) ) )
what is the population of m0	answer ( population_1 ( m0 ) )
what is the population of m0	answer ( population_1 ( m0 ) )
through which states does the longest river in m0 run	answer ( intersection ( state , traverse_1 ( longest ( intersection ( river , loc_2 ( m0 ) ) ) ) ) )
name the major lakes in m0	answer ( intersection ( major , intersection ( lake , loc_2 ( m0 ) ) ) )
what are the biggest rivers in m0	answer ( longest ( intersection ( river , loc_2 ( m0 ) ) ) )
what is the capital of m0	answer ( intersection ( capital , loc_2 ( m0 ) ) )
what is the height of the highest point in the m0	answer ( elevation_1 ( highest ( intersection ( place , loc_2 ( m0 ) ) ) ) )
how many people live in m0	answer ( population_1 ( m0 ) )
what is the lowest point of all states through which the m0 river runs through	answer ( lowest ( intersection ( place , loc_2 ( intersection ( state , traverse_1 ( intersection ( river , m0 ) ) ) ) ) ) )
state the state with the largest area	answer ( largest_one ( area_1 , state ) )
what is the capital of the state with the most inhabitants	answer ( intersection ( capital , loc_2 ( largest_one ( population_1 , state ) ) ) )
what state has the most people	answer ( largest_one ( population_1 , state ) )
how many citizens live in m0	answer ( population_1 ( m0 ) )
how long is the m0 river in miles	answer ( len ( intersection ( river , m0 ) ) )
how many people live in m0	answer ( population_1 ( m0 ) )
which state has the biggest population	answer ( largest_one ( population_1 , state ) )
what is the highest point in m0	answer ( highest ( intersection ( place , loc_2 ( m0 ) ) ) )
how many states does m0 border	answer ( count ( intersection ( state , next_to_1 ( m0 ) ) ) )
which states border m0	answer ( intersection ( state , next_to_2 ( m0 ) ) )
what is the biggest city in the m0	answer ( largest ( intersection ( city , loc_2 ( m0 ) ) ) )
how many people live in m0	answer ( population_1 ( m0 ) )
rivers in m0	answer ( intersection ( river , loc_2 ( m0 ) ) )
what states border m0	answer ( intersection ( state , next_to_2 ( m0 ) ) )
what is the largest state in the m0	answer ( largest ( intersection ( state , loc_2 ( m0 ) ) ) )
what is the highest point in m0	answer ( highest ( intersection ( place , loc_2 ( m0 ) ) ) )
what is the longest river in m0	answer ( longest ( intersection ( river , loc_2 ( m0 ) ) ) )
how many states border m0	answer ( count ( intersection ( state , next_to_2 ( m0 ) ) ) )
what is the biggest city in m0	answer ( largest ( intersection ( city , loc_2 ( m0 ) ) ) )
what is the area of m0	answer ( area_1 ( m0 ) )
what are the lakes in states bordering m0	answer ( intersection ( lake , loc_2 ( intersection ( state , next_to_2 ( m0 ) ) ) ) )
what is the largest state	answer ( largest ( state ) )
what states does the m0 river go through	answer ( intersection ( state , traverse_1 ( intersection ( river , m0 ) ) ) )
what are the populations of the states through which the m0 runs	answer ( population_1 ( intersection ( state , traverse_1 ( m0 ) ) ) )
how many rivers are there in m0	answer ( count ( intersection ( river , loc_2 ( m0 ) ) ) )
how many rivers are in m0	answer ( count ( intersection ( river , loc_2 ( m0 ) ) ) )
what is the height of m0	answer ( elevation_1 ( m0 ) )
what is the tallest mountain in the m0	answer ( highest ( intersection ( mountain , loc_2 ( m0 ) ) ) )
what city has the largest population	answer ( largest_one ( population_1 , city ) )
how many people live in m0	answer ( population_1 ( m0 ) )
name all the rivers in m0	answer ( intersection ( river , loc_2 ( m0 ) ) )
which state has the most people	answer ( largest_one ( population_1 , state ) )
how many rivers are in the state with the largest population	answer ( count ( intersection ( river , loc_2 ( largest_one ( population_1 , state ) ) ) ) )
what states border m0	answer ( intersection ( state , next_to_2 ( m0 ) ) )
what is the largest state that borders the state with the highest population	answer ( largest ( intersection ( state , next_to_2 ( largest_one ( population_1 , state ) ) ) ) )
what is the tallest mountain in m0	answer ( highest ( intersection ( mountain , loc_2 ( m0 ) ) ) )
what is the capital city in m0	answer ( intersection ( capital , intersection ( city , loc_2 ( m0 ) ) ) )
how many states border m0	answer ( count ( intersection ( state , next_to_2 ( m0 ) ) ) )
what states does the m0 river run through	answer ( intersection ( state , traverse_1 ( intersection ( river , m0 ) ) ) )
what major cities are located in m0	answer ( intersection ( major , intersection ( city , loc_2 ( m0 ) ) ) )
how many major cities are in m0	answer ( count ( intersection ( major , intersection ( city , loc_2 ( m0 ) ) ) ) )
what states border m0	answer ( intersection ( state , next_to_2 ( m0 ) ) )
what state borders the least states	answer ( fewest ( state , next_to_2 , state ) )
what are the major cities in m0	answer ( intersection ( major , intersection ( city , loc_2 ( m0 ) ) ) )
what is the capital of m0	answer ( intersection ( capital , loc_2 ( m0 ) ) )
what states does the m0 river run through	answer ( intersection ( state , traverse_1 ( intersection ( river , m0 ) ) ) )
where is m0	answer ( loc_1 ( m0 ) )
how many people live in m0	answer ( population_1 ( m0 ) )
what is the longest river in the states that border m0	answer ( longest ( intersection ( river , loc_2 ( intersection ( state , next_to_2 ( m0 ) ) ) ) ) )
what are the capital cities of the states which border m0	answer ( intersection ( capital , intersection ( city , loc_2 ( intersection ( state , next_to_2 ( m0 ) ) ) ) ) )
what is the largest river in m0 state	answer ( longest ( intersection ( river , loc_2 ( intersection ( state , m0 ) ) ) ) )
what states surround m0	answer ( intersection ( state , next_to_2 ( m0 ) ) )
what is the shortest river in the m0	answer ( shortest ( intersection ( river , loc_2 ( m0 ) ) ) )
what states border states that border m0	answer ( intersection ( state , next_to_2 ( intersection ( state , next_to_2 ( m0 ) ) ) ) )
where is the highest point in m0	answer ( highest ( intersection ( place , loc_2 ( m0 ) ) ) )
what is the area of m0	answer ( area_1 ( m0 ) )
what are the major cities in m0	answer ( intersection ( major , intersection ( city , loc_2 ( m0 ) ) ) )
what is the most populous state in the m0	answer ( largest_one ( population_1 , intersection ( state , loc_2 ( m0 ) ) ) )
what states border the most populous state	answer ( intersection ( state , next_to_2 ( largest_one ( population_1 , state ) ) ) )
how many people live in m0	answer ( population_1 ( m0 ) )
what state which the m0 runs through has the largest population	answer ( largest_one ( population_1 , intersection ( state , traverse_1 ( m0 ) ) ) )
which state has the smallest average urban population	answer ( smallest_one ( density_1 , state ) )
how many states does the m0 river flow through	answer ( count ( intersection ( state , traverse_1 ( intersection ( river , m0 ) ) ) ) )
where is m0	answer ( loc_1 ( m0 ) )
what is the highest point in m0 in meters	answer ( highest ( intersection ( place , loc_2 ( m0 ) ) ) )
what is the population of m0	answer ( population_1 ( m0 ) )
what is the capital of the state that borders the state that borders m0	answer ( intersection ( capital , loc_2 ( intersection ( state , next_to_2 ( intersection ( state , next_to_2 ( m0 ) ) ) ) ) ) )
what is the population of m0	answer ( population_1 ( m0 ) )
give me the states that border m0	answer ( intersection ( state , next_to_2 ( m0 ) ) )
what is the highest elevation in the m0	answer ( highest ( intersection ( place , loc_2 ( m0 ) ) ) )
what is the highest point in m0	answer ( highest ( intersection ( place , loc_2 ( m0 ) ) ) )
what states border m0	answer ( intersection ( state , next_to_2 ( m0 ) ) )
what is the population of the state with the highest population density	answer ( population_1 ( largest_one ( density_1 , state ) ) )
what is the biggest city in m0	answer ( largest ( intersection ( city , loc_2 ( m0 ) ) ) )
what can you tell me about the population of m0	answer ( population_1 ( m0 ) )
what is the height of the highest mountain in m0	answer ( elevation_1 ( highest ( intersection ( mountain , loc_2 ( m0 ) ) ) ) )
how many cities are there in the m0	answer ( count ( intersection ( city , loc_2 ( m0 ) ) ) )
how many states does the m0 run through	answer ( count ( intersection ( state , traverse_1 ( m0 ) ) ) )
what is the population density of m0	answer ( density_1 ( m0 ) )
where is m0	answer ( loc_1 ( m0 ) )
how many people are there in m0	answer ( population_1 ( m0 ) )
what is the highest point in the m0	answer ( highest ( intersection ( place , loc_2 ( m0 ) ) ) )
how many people live in m0	answer ( population_1 ( m0 ) )
where is the lowest point in m0	answer ( lowest ( intersection ( place , loc_2 ( m0 ) ) ) )
what are the states that border the state with the greatest population	answer ( intersection ( state , next_to_2 ( largest_one ( population_1 , state ) ) ) )
how long is the longest river in m0	answer ( len ( longest ( intersection ( river , loc_2 ( m0 ) ) ) ) )
what is the longest river in m0	answer ( longest ( intersection ( river , loc_2 ( m0 ) ) ) )
what is the largest city in m0	answer ( largest ( intersection ( city , loc_2 ( m0 ) ) ) )
what is the major cities in m0	answer ( intersection ( major , intersection ( city , loc_2 ( m0 ) ) ) )
what are the rivers in the state of m0	answer ( intersection ( river , loc_2 ( intersection ( state , m0 ) ) ) )
what is the population of the largest state	answer ( population_1 ( largest ( state ) ) )
what is the lowest point in m0	answer ( lowest ( intersection ( place , loc_2 ( m0 ) ) ) )
what are the populations of the states through which the m0 river runs	answer ( population_1 ( intersection ( state , traverse_1 ( intersection ( river , m0 ) ) ) ) )
number of people in m0	answer ( population_1 ( m0 ) )
what is the longest river in m0	answer ( longest ( intersection ( river , loc_2 ( m0 ) ) ) )
what is the highest point in m0	answer ( highest ( intersection ( place , loc_2 ( m0 ) ) ) )
how many states border the state with the largest population	answer ( count ( intersection ( state , next_to_2 ( largest_one ( population_1 , state ) ) ) ) )
what is the population in m0	answer ( population_1 ( m0 ) )
which states border m0	answer ( intersection ( state , next_to_2 ( m0 ) ) )
give me the cities which are in m0	answer ( intersection ( city , loc_2 ( m0 ) ) )
what is the population of the capital of the largest state	answer ( population_1 ( intersection ( capital , loc_2 ( largest ( state ) ) ) ) )
what state has the greatest population density	answer ( largest_one ( density_1 , state ) )
what is the area of m0	answer ( area_1 ( m0 ) )
which us city has the highest population density	answer ( largest_one ( density_1 , city ) )
how long is the m0 river	answer ( len ( intersection ( river , m0 ) ) )
how many rivers does m0 have	answer ( count ( intersection ( river , loc_2 ( m0 ) ) ) )
what is the length of the m0 river	answer ( len ( intersection ( river , m0 ) ) )
give me the cities in m0	answer ( intersection ( city , loc_2 ( m0 ) ) )
where is the most populated area of m0	answer ( largest_one ( population_1 , intersection ( city , loc_2 ( m0 ) ) ) )
what rivers are in m0	answer ( intersection ( river , loc_2 ( m0 ) ) )
how long is the m0 river	answer ( len ( intersection ( river , m0 ) ) )
which is the longest river in m0	answer ( longest ( intersection ( river , loc_2 ( m0 ) ) ) )
what is the population of m0	answer ( population_1 ( m0 ) )
how many rivers in m0 are longer than the m1	answer ( count ( intersection ( intersection ( river , loc_2 ( m0 ) ) , longer ( m1 ) ) ) )
what states high point is higher than that of m0	answer ( intersection ( state , high_point_2 ( higher_2 ( high_point_1 ( m0 ) ) ) ) )
what is the highest point in each state whose lowest point is sea level	answer ( highest ( intersection ( place , loc_2 ( intersection ( state , loc_1 ( intersection ( place , elevation_2 ( 0 ) ) ) ) ) ) ) )
what states capital is m0	answer ( intersection ( state , capital_2 ( m0 ) ) )
what is the area of m0	answer ( area_1 ( m0 ) )
what is the population of m0	answer ( population_1 ( m0 ) )
how many rivers does m0 have	answer ( count ( intersection ( river , loc_2 ( m0 ) ) ) )
how many states does the m0 river run through	answer ( count ( intersection ( state , traverse_1 ( intersection ( river , m0 ) ) ) ) )
which state has the highest population density	answer ( largest_one ( density_1 , state ) )
what is the length of the m0 river	answer ( len ( intersection ( river , m0 ) ) )
what is the largest capital city in the m0	answer ( largest ( intersection ( capital , intersection ( city , loc_2 ( m0 ) ) ) ) )
what is the most populous state	answer ( largest_one ( population_1 , state ) )
how many people live in m0	answer ( population_1 ( m0 ) )
where is m0	answer ( loc_1 ( m0 ) )
which state has the greatest population	answer ( largest_one ( population_1 , state ) )
which states border m0	answer ( intersection ( state , next_to_2 ( m0 ) ) )
what are all the rivers in m0	answer ( intersection ( river , loc_2 ( m0 ) ) )
what is the shortest river in m0	answer ( shortest ( intersection ( river , loc_2 ( m0 ) ) ) )
what is the smallest city in m0	answer ( smallest ( intersection ( city , loc_2 ( m0 ) ) ) )
where is m0	answer ( loc_1 ( m0 ) )
what is the population of the largest city in the state with the largest area	answer ( population_1 ( largest ( intersection ( city , loc_2 ( largest_one ( area_1 , state ) ) ) ) ) )
what is the highest point in m0	answer ( highest ( intersection ( place , loc_2 ( m0 ) ) ) )
how long is the m0 river	answer ( len ( intersection ( river , m0 ) ) )
how many states border m0	answer ( count ( intersection ( state , next_to_2 ( m0 ) ) ) )
what is the largest of the states that the m0 runs through	answer ( largest ( intersection ( state , traverse_1 ( m0 ) ) ) )
what is the smallest city in the m0	answer ( smallest ( intersection ( city , loc_2 ( m0 ) ) ) )
number of states bordering m0	answer ( count ( intersection ( state , next_to_2 ( m0 ) ) ) )
which is the lowest point of the states that the m0 runs through	answer ( lowest ( intersection ( place , loc_2 ( intersection ( state , traverse_1 ( m0 ) ) ) ) ) )
how many states does the m0 river run through	answer ( count ( intersection ( state , traverse_1 ( intersection ( river , m0 ) ) ) ) )
what is the lowest point of the state with the largest area	answer ( lowest ( intersection ( place , loc_2 ( largest_one ( area_1 , state ) ) ) ) )
what is the population of m0	answer ( population_1 ( m0 ) )
what states does the m0 run through	answer ( intersection ( state , traverse_1 ( m0 ) ) )
number of citizens in m0	answer ( population_1 ( m0 ) )
what is the capital of the m0 state	answer ( intersection ( capital , loc_2 ( intersection ( state , m0 ) ) ) )
what is the smallest state in the m0	answer ( smallest ( intersection ( state , loc_2 ( m0 ) ) ) )
what is the longest river in m0	answer ( longest ( intersection ( river , loc_2 ( m0 ) ) ) )
what is the adjacent state of m0	answer ( intersection ( state , next_to_2 ( m0 ) ) )
what states border m0	answer ( intersection ( state , next_to_2 ( m0 ) ) )
what is the highest point in the m0	answer ( highest ( intersection ( place , loc_2 ( m0 ) ) ) )
what is the biggest state in m0	answer ( largest ( intersection ( state , loc_2 ( m0 ) ) ) )
what is the highest point of the state with the largest area	answer ( highest ( intersection ( place , loc_2 ( largest_one ( area_1 , state ) ) ) ) )
what is the population of m0	answer ( population_1 ( m0 ) )
what states does the m0 river run through	answer ( intersection ( state , traverse_1 ( intersection ( river , m0 ) ) ) )
what are the major cities in m0	answer ( intersection ( major , intersection ( city , loc_2 ( m0 ) ) ) )
what is the biggest city in m0	answer ( largest ( intersection ( city , loc_2 ( m0 ) ) ) )
what is the population of m0	answer ( population_1 ( m0 ) )
what is the lowest point in m0	answer ( lowest ( intersection ( place , loc_2 ( m0 ) ) ) )
how high is the highest point of m0	answer ( elevation_1 ( highest ( intersection ( place , loc_2 ( m0 ) ) ) ) )
what are major rivers in m0	answer ( intersection ( major , intersection ( river , loc_2 ( m0 ) ) ) )
what state has the largest area	answer ( largest_one ( area_1 , state ) )
what is the highest mountain in m0	answer ( highest ( intersection ( mountain , loc_2 ( m0 ) ) ) )
how many states does m0 border	answer ( count ( intersection ( state , next_to_1 ( m0 ) ) ) )
what is the lowest point in the state of m0	answer ( lowest ( intersection ( place , loc_2 ( intersection ( state , m0 ) ) ) ) )
where is m0	answer ( loc_1 ( m0 ) )
which state border m0	answer ( intersection ( state , next_to_2 ( m0 ) ) )
give me the largest state	answer ( largest ( state ) )
what is the total area of the m0	answer ( area_1 ( m0 ) )
how many cities are in m0	answer ( count ( intersection ( city , loc_2 ( m0 ) ) ) )
how big is m0	answer ( size ( m0 ) )
what is the most populous city in m0	answer ( largest_one ( population_1 , intersection ( city , loc_2 ( m0 ) ) ) )
where is m0	answer ( loc_1 ( m0 ) )
what is the population of the largest state that borders m0	answer ( population_1 ( largest ( intersection ( state , next_to_2 ( m0 ) ) ) ) )
what is the longest river in m0	answer ( longest ( intersection ( river , loc_2 ( m0 ) ) ) )
how many people live in m0	answer ( population_1 ( m0 ) )
what are the populations of states through which the m0 runs	answer ( population_1 ( intersection ( state , traverse_1 ( m0 ) ) ) )
what are the populations of states through which the m0 river runs	answer ( population_1 ( intersection ( state , traverse_1 ( intersection ( river , m0 ) ) ) ) )
what is the population of m0	answer ( population_1 ( m0 ) )
what states border m0	answer ( intersection ( state , next_to_2 ( m0 ) ) )
what states are next to the m0	answer ( intersection ( state , next_to_2 ( m0 ) ) )
what states neighbor m0	answer ( intersection ( state , next_to_2 ( m0 ) ) )
what is the population of m0	answer ( population_1 ( m0 ) )
how long is the m0 river	answer ( len ( intersection ( river , m0 ) ) )
what state has no rivers	answer ( exclude ( state , loc_1 ( river ) ) )
what is the area of m0	answer ( area_1 ( m0 ) )
what is the lowest point in m0	answer ( lowest ( intersection ( place , loc_2 ( m0 ) ) ) )
what is the state with the largest population density	answer ( largest_one ( density_1 , state ) )
what is the biggest city in m0	answer ( largest ( intersection ( city , loc_2 ( m0 ) ) ) )
what city in the m0 has the highest population density	answer ( largest_one ( density_1 , intersection ( city , loc_2 ( m0 ) ) ) )
how many people live in m0	answer ( population_1 ( m0 ) )
what are the major cities in the state of m0	answer ( intersection ( major , intersection ( city , loc_2 ( intersection ( state , m0 ) ) ) ) )
how many states does m0 border	answer ( count ( intersection ( state , next_to_1 ( m0 ) ) ) )
how many people are in the state of m0	answer ( population_1 ( intersection ( state , m0 ) ) )
how long is the longest river in the m0	answer ( len ( longest ( intersection ( river , loc_2 ( m0 ) ) ) ) )
what state borders m0	answer ( intersection ( state , next_to_2 ( m0 ) ) )
which rivers are in m0	answer ( intersection ( river , loc_2 ( m0 ) ) )
which states border m0	answer ( intersection ( state , next_to_2 ( m0 ) ) )
what is the average population per square km in m0	answer ( density_1 ( m0 ) )
what is the capital of the state with the largest population density	answer ( intersection ( capital , loc_2 ( largest_one ( density_1 , state ) ) ) )
which states does the m0 river run through	answer ( intersection ( state , traverse_1 ( intersection ( river , m0 ) ) ) )
what is capital of m0	answer ( intersection ( capital , loc_2 ( m0 ) ) )
what states border states which the m0 runs through	answer ( intersection ( state , next_to_2 ( intersection ( state , traverse_1 ( m0 ) ) ) ) )
how many states are there in m0	answer ( count ( intersection ( state , loc_2 ( m0 ) ) ) )
how many people live in m0	answer ( population_1 ( m0 ) )
how many major cities are in m0	answer ( count ( intersection ( major , intersection ( city , loc_2 ( m0 ) ) ) ) )
what are the names of the major cities in m0	answer ( intersection ( major , intersection ( city , loc_2 ( m0 ) ) ) )
what is the population of the major cities in m0	answer ( population_1 ( intersection ( major , intersection ( city , loc_2 ( m0 ) ) ) ) )
what is the largest city in the smallest state in the m0	answer ( largest ( intersection ( city , loc_2 ( smallest ( intersection ( state , loc_2 ( m0 ) ) ) ) ) ) )
what is the smallest city of the smallest state in the m0	answer ( smallest ( intersection ( city , loc_2 ( smallest ( intersection ( state , loc_2 ( m0 ) ) ) ) ) ) )
what state is the largest in population	answer ( largest_one ( population_1 , state ) )
what is the shortest river in the m0	answer ( shortest ( intersection ( river , loc_2 ( m0 ) ) ) )
which states does the m0 river run through	answer ( intersection ( state , traverse_1 ( intersection ( river , m0 ) ) ) )
how many people live in m0	answer ( population_1 ( m0 ) )
which states border m0	answer ( intersection ( state , next_to_2 ( m0 ) ) )
what are the major cities in m0	answer ( intersection ( major , intersection ( city , loc_2 ( m0 ) ) ) )
what is the capital of the state with the largest population	answer ( intersection ( capital , loc_2 ( largest_one ( population_1 , state ) ) ) )
what is the smallest state bordering m0	answer ( smallest ( intersection ( state , next_to_2 ( m0 ) ) ) )
what is the capital of m0	answer ( intersection ( capital , loc_2 ( m0 ) ) )
what state has the highest population density	answer ( largest_one ( density_1 , state ) )
what is the area of m0	answer ( area_1 ( m0 ) )
what is the largest city in m0	answer ( largest ( intersection ( city , loc_2 ( m0 ) ) ) )
what is the capital of m0	answer ( intersection ( capital , loc_2 ( m0 ) ) )
what states border m0	answer ( intersection ( state , next_to_2 ( m0 ) ) )
which states border the longest river in the m0	answer ( intersection ( state , next_to_2 ( longest ( intersection ( river , loc_2 ( m0 ) ) ) ) ) )
how many people live in m0	answer ( population_1 ( m0 ) )
what is the population of m0	answer ( population_1 ( m0 ) )
through which states does the m0 run	answer ( intersection ( state , traverse_1 ( m0 ) ) )
which states border m0	answer ( intersection ( state , next_to_2 ( m0 ) ) )
what is the state with the largest density in m0	answer ( largest_one ( density_1 , intersection ( state , loc_2 ( m0 ) ) ) )
what states does the m0 river run through	answer ( intersection ( state , traverse_1 ( intersection ( river , m0 ) ) ) )
which river traverses most states	answer ( most ( river , traverse_2 , state ) )
how many people live in the capital of m0	answer ( population_1 ( intersection ( capital , loc_2 ( m0 ) ) ) )
